Keyword,Suggestion
Sri lanka,sri lanka debt
Sri lanka,sri lanka 1 litre petrol price
Sri lanka,sri lanka youth courses 2021
Sri lanka,sri lanka iphone 8 price
Sri lanka,sri lanka time
Sri lanka,sri lanka olympic team 2021
Sri lanka,sri lanka restaurant
Sri lanka,sri lanka lockdown today
Sri lanka,sri lanka jaffna
Sri lanka,sri lanka bond default
Sri lanka,sri lanka national animal
Sri lanka,sri lanka to sgd
Sri lanka,sri lanka olympics 2021
Sri lanka,srilankan airlines
Sri lanka,sri lanka short form
Sri lanka,sri lanka independence day
Sri lanka,sri lanka 3 digit country code
Sri lanka,sri lanka singapore ship
Sri lanka,sri lanka quarantine package from india
Sri lanka,sri lanka national language
Sri lanka,sri lanka tamil
Sri lanka,sri lanka map world
Sri lanka,sri lanka 50 rupee note details
Sri lanka,sri lanka 3 players banned
Sri lanka,sri lanka usd exchange rate
Sri lanka,sri lanka 006
Sri lanka,sri lanka yellow pages
Sri lanka,sri lanka 2021
Sri lanka,sri lanka 500 rupee note details
Sri lanka,sri lanka singapore
Sri lanka,sri lanka area
Sri lanka,sri lanka maid agency singapore
Sri lanka,sri lanka ship fire
Sri lanka,sri lanka bureau of foreign employment
Sri lanka,sri lanka 6 sixes
Sri lanka,sri lanka tourism
Sri lanka,sri lanka 10 rupees in indian rupees
Sri lanka,sri lanka new leek 2021
Sri lanka,sri lanka 20-20 match
Sri lanka,sri lanka vaccine
Sri lanka,sri lanka 3 letter code
Sri lanka,sri lanka gazette
Sri lanka,sri lanka 6 month visa
Sri lanka,sri lanka holiday
Sri lanka,sri lanka district map
Sri lanka,sri lanka zika
Sri lanka,sri lanka 760 scorecard
Sri lanka,sri lanka zip code colombo
Sri lanka,sri lanka police
Sri lanka,sri lanka muslim
Sri lanka,sri lanka money to sgd
Sri lanka,sri lanka jobs
Sri lanka,sri lanka zone
Sri lanka,sri lanka country code
Sri lanka,sri lanka bombing
Sri lanka,sri lanka 4g band
Sri lanka,sri lanka rupee
Sri lanka,sri lanka withholding tax
Sri lanka,sri lanka capital
Sri lanka,sri lanka university
Sri lanka,sri lanka on world map
Sri lanka,sri lanka holidays 2021
Sri lanka,sri lanka vs india live
Sri lanka,sri lanka 4k
Sri lanka,sri lanka gdp per capita
Sri lanka,sri lanka ki rajdhani
Sri lanka,sri lanka gold price
Sri lanka,sri lanka driving licence
Sri lanka,sri lanka olympics
Sri lanka,sri lanka old name
Sri lanka,sri lanka 3 phase voltage
Sri lanka,sri lanka 99 jersey
Sri lanka,sri lanka exchange rate
Sri lanka,sri lanka covid vaccine
Sri lanka,sri lanka 9 arch bridge
Sri lanka,sri lanka 00100
Sri lanka,sri lanka handball team
Sri lanka,sri lanka delta variant
Sri lanka,sri lanka and india
Sri lanka,sri lanka war crimes
Sri lanka,sri lanka 5 star hotels
Sri lanka,sri lanka iso code
Sri lanka,sri lanka unemployment rate
Sri lanka,sri lanka kab azad hua
Sri lanka,sri lanka size
Sri lanka,sri lanka 756 scorecard cricbuzz
Sri lanka,sri lanka 99 jersey number
Sri lanka,sri lanka insurance
Sri lanka,sri lanka 952 scorecard cricbuzz result
Sri lanka,sri lanka laptop price
Sri lanka,sri lanka time zone
Sri lanka,sri lanka 1 rupees in india
Sri lanka,sri lanka ki capital
Sri lanka,sri lanka grade 8 past papers
Sri lanka,sri lanka world map
Sri lanka,sri lanka prime minister
Sri lanka,sri lanka emergency
Sri lanka,sri lanka job vacancies 2021
Sri lanka,sri lanka 6
Sri lanka,sri lanka forex reserves
Sri lanka,sri lanka king
Sri lanka,sri lanka 100 rupees in india
Sri lanka,sri lanka 3 players suspended
Sri lanka,sri lanka duty free
Sri lanka,sri lanka 9 provinces
Sri lanka,sri lanka language
Sri lanka,sri lanka university ranking
Sri lanka,sri lanka telecom
Sri lanka,sri lanka jansankhya
Sri lanka,sri lankan army
Sri lanka,sri lanka online shopping
Sri lanka,sri lanka women
Sri lanka,sri lanka dollar to sgd
Sri lanka,sri lanka travel restrictions
Sri lanka,sri lanka 01
Sri lanka,sri lanka flag
Sri lanka,sri lanka 2021 squad list
Sri lanka,sri lanka entry requirements
Sri lanka,sri lanka usd
Sri lanka,sri lanka economic crisis
Sri lanka,sri lanka sapphire
Sri lanka,sri lanka news today
Sri lanka,sri lanka kfc menu
Sri lanka,sri lanka oil spill
Sri lanka,sri lanka usd shortage
Sri lanka,sri lanka 95
Sri lanka,sri lanka currency
Sri lanka,sri lanka yoga retreat
Sri lanka,sri lanka zip code matara
Sri lanka,sri lanka 400m record
Sri lanka,sri lanka x press pearl
Sri lanka,sri lanka 14-day quarantine
Sri lanka,sri lanka demographics
Sri lanka,sri lanka covid news
Sri lanka,sri lanka race
Sri lanka,sri lanka 7 day itinerary
Sri lanka,sri lanka jewellery
Sri lanka,sri lanka official language
Sri lanka,sri lanka genocide
Sri lanka,sri lanka usd crisis
Sri lanka,sri lanka vs england
Sri lanka,sri lanka foreign reserves
Sri lanka,sri lanka vs india 2021
Sri lanka,sri lanka 0 south korea 5
Sri lanka,sri lanka 100 rupee note value in india
Sri lanka,sri lanka 02
Sri lanka,sri lanka 4n price
Sri lanka,sri lanka 3rd world country
Sri lanka,sri lanka rupee to sgd
Sri lanka,sri lanka abbreviation
Sri lanka,sri lanka 756 scorecard
Sri lanka,sri lanka javelin record
Sri lanka,sri lanka 8 days itinerary
Sri lanka,sri lanka radio
Sri lanka,sri lanka bonds
Sri lanka,sri lanka gemstones
Sri lanka,sri lanka table tennis
Sri lanka,sri lanka national cricket team
Sri lanka,sri lanka food
Sri lanka,sri lanka war
Sri lanka,sri lanka yesterday match
Sri lanka,sri lanka dollar rate
Sri lanka,sri lanka weather
Sri lanka,sri lanka map
Sri lanka,sri lanka zip code kandy
Sri lanka,sri lanka 5 rupee coin value in india
Sri lanka,sri lanka history
Sri lanka,sri lanka ki rajdhani kya hai
Sri lanka,sri lanka 760 scorecard cricbuzz
Sri lanka,sri lanka gdp
Sri lanka,sri lanka unesco world heritage sites
Sri lanka,sri lanka 713/3
Sri lanka,sri lanka crab
Sri lanka,sri lanka 43 all out
Sri lanka,sri lanka 091
Sri lanka,sri lanka 82 all out
Sri lanka,sri lanka high commission
Sri lanka,sri lanka zip code
Sri lanka,sri lanka 3rd odi
Sri lanka,sri lanka 2007 world cup squad
Sri lanka,sri lanka post tracking
Sri lanka,sri lanka immigration
Sri lanka,sri lanka rupee to inr
Sri lanka,sri lanka 1st president
Sri lanka,sri lanka quiz
Sri lanka,sri lanka 5g
Sri lanka,sri lanka vs south africa 2021
Sri lanka,sri lanka forex crisis
Sri lanka,sri lanka 83 riots
Sri lanka,sri lanka qualification framework
Sri lanka,sri lanka marine disaster
Sri lanka,sri lanka 4g coverage map
Sri lanka,sri lanka at olympics
Sri lanka,sri lanka navy
Sri lanka,sri lanka zodiac sign
Sri lanka,sri lanka football
Sri lanka,sri lanka working days
Sri lanka,sri lanka song
Sri lanka,sri lanka 80s
Sri lanka,sri lanka 3 star hotels
Sri lanka,sri lanka vaccination rate
Sri lanka,sri lanka economy
Sri lanka,sri lanka 1996 world cup squad
Sri lanka,sri lanka currency to sgd
Sri lanka,sri lanka flights
Sri lanka,sri lanka population
Sri lanka,sri lanka vs china table tennis
Sri lanka,sri lanka 20 rupees indian rate
Sri lanka,sri lanka government
Sri lanka,sri lanka debt crisis
Sri lanka,sri lanka 5g coverage
Sri lanka,sri lanka quarantine hotel booking
Sri lanka,sri lanka quarantine
Sri lanka,sri lanka imf
Sri lanka,sri lanka time to singapore time
Sri lanka,sri lanka 5 rupee coin
Sri lanka,sri lanka journal of child health
Sri lanka,sri lanka university ranking 2021
Sri lanka,sri lanka kandy
Sri lanka,sri lanka 100 rupee note details
Sri lanka,sri lanka restaurant singapore
Sri lanka,sri lanka high commission singapore
Sri lanka,sri lanka youtube trending list today
Sri lanka,sri lanka zip code kalutara
Sri lanka,sri lanka yellow eared bulbul
Sri lanka,sri lanka open for tourism
Sri lanka,sri lanka time now
Sri lanka,sri lanka 70th independence day
Sri lanka,sri lanka 99 year lease
Sri lanka,sri lanka 952
Sri lanka,sri lanka covid
Sri lanka,sri lanka food singapore
Sri lanka,sri lanka 011
Sri lanka,sri lanka international airport
Sri lanka,sri lanka youtube channel
Sri lanka,sri lanka ramaya
Sri lanka,sri lanka national day
Sri lanka,sri lanka 952 scorecard cricbuzz
Sri lanka,sri lanka beach
Sri lanka,sri lanka ministry of health
Sri lanka,sri lanka hotel
Sri lanka,sri lanka 666
Sri lanka,sri lanka india
Sri lanka,sri lanka 7 star hotels
Sri lanka,sri lanka whatsapp group links
Sri lanka,sri lanka 2020 olympics
Sri lanka,sri lanka quarantine hotels list
Sri lanka,sri lanka buddhism
Sri lanka,sri lanka 6 days itinerary
Sri lanka,sri lanka gdp growth
Sri lanka,sri lanka airport
Sri lanka,sri lanka president
Sri lanka,sri lanka 443 scorecard
Sri lanka,sri lanka civil war
Sri lanka,sri lanka 3d map
Sri lanka,sri lanka logo
Sri lanka,sri lanka 648 scorecard
Sri lanka,sri lanka on map
Sri lanka,sri lanka port china
Sri lanka,sri lanka gdp 2020
Sri lanka,sri lanka jersey
Sri lanka,sri lanka usd reserves
Sri lanka,sri lanka 67 all out
Sri lanka,sri lanka independence
Sri lanka,sri lanka kfir
Sri lanka,sri lanka mud crab
Sri lanka,sri lanka 50 rupee note
Sri lanka,sri lanka lockdown july 2021
Sri lanka,sri lanka 624 partnership scorecard
Sri lanka,sri lanka health ministry
Sri lanka,sri lanka yellow sapphire
Sri lanka,sri lanka port
Sri lanka,sri lanka flag emoji
Sri lanka,sri lanka easter bombing
Sri lanka,sri lanka mobile number
Sri lanka,sri lanka id
Sri lanka,sri lanka janagahanaya
Sri lanka,sri lanka nationality
Sri lanka,sri lanka 2011 world cup squad
Sri lanka,sri lanka air force
Sri lanka,sri lanka qualification framework 2021
Sri lanka,sri lanka zimbabwe
Sri lanka,sri lanka embassy
Sri lanka,sri lanka foreign exchange crisis
Sri lanka,sri lanka stock market
Sri lanka,sri lanka and singapore time
Sri lanka,sri lanka lockdown latest
Sri lanka,sri lanka vs india
Sri lanka,sri lanka job vacancies
Sri lanka,sri lanka youtube
Sri lanka,sri lanka bank
Sri lanka,sri lanka people
Sri lanka,sri lanka 074
Sri lanka,sri lanka default
Sri lanka,sri lanka 6 952 scorecard
Sri lanka,sri lanka religion
Sri lanka,sri lanka youth
Sri lanka,sri lanka 2021 calendar
Sri lanka,sri lanka zoo
Sri lanka,sri lanka water board
Sri lanka,sri lanka ethnicity
Sri lanka,sri lanka money
Sri lanka,sri lanka wiki
Sri lanka,sri lanka 96 world cup
Sri lanka,sri lanka live tv
Sri lanka,sri lanka national anthem
Sri lanka,sri lanka 50 rupees indian rate
Sri lanka,sri lanka latest news
Sri lanka,sri lanka vs india live streaming
Sri lanka,sri lanka inflation
Sri lanka,sri lanka 07
Sri lanka,sri lanka buddhist temple
Sri lanka,sri lanka sovereign rating
Sri lanka,sri lanka gdp 2021
Sri lanka,sri lanka 4k wallpaper
Sri lanka,sri lanka breaking news
Sri lanka,sri lanka ki rajdhani kahan hai
Sri lanka,sri lanka 5000 rupee note
Sri lanka,sri lanka economy 2021
Sri lanka,sri lanka hs code
Sri lanka,sri lanka 411 vs india
Sri lanka,sri lanka 4g frequency
Sri lanka,sri lanka grade 8 science book
Sri lanka,sri lanka 8th wonder of the world
Sri lanka,sri lanka news
Sri lanka,sri lanka quarantine package
Sri lanka,sri lanka 100m record
Sri lanka,sri lanka public holidays 2021
Sri lanka,sri lanka lockdown 2021
Sri lanka,sri lanka lockdown news
Sri lanka,sri lanka 2019 world cup squad
Sri lanka,sri lanka buddhist temple singapore
Sri lanka,sri lanka 411/8 vs. india 2009
Sri lanka,sri lanka qatar riyal
Sri lanka,sri lanka rupee to usd
Sri lanka,sri lanka cricket
Sri lanka,sri lanka singapore time
Sri lanka,sri lanka queen
Sri lanka,sri lanka 021
Sri lanka,sri lanka postal code
Sri lanka,sri lanka airline
Sri lanka,sri lanka vs south africa
Sri lanka,sri lanka embassy singapore
Sri lanka,sri lanka 7 days tour package
Sri lanka,sri lanka 3rd t20
Sri lanka,sri lanka kollo wasai mp3 download
Sri lanka,sri lanka iphone 8 plus price
Sri lanka,sri lanka 2021 schedule
Sri lanka,sri lanka hopper
Colombo,colombo quarantine hotel
Colombo,colombo 26 bellagio
Colombo,colombo language
Colombo,columbo episodes
Colombo,colombo plan scholar
Colombo,colombo tsunami temple
Colombo,colombo local time
Colombo,colombo 4 means
Colombo,colombo is the capital of which country
Colombo,colombo postal code
Colombo,colombo horario
Colombo,colombo national hospital
Colombo,colombo covid news
Colombo,colombo ship fire
Colombo,colombo 2 name
Colombo,colombo hotels sri lanka
Colombo,colombo 2 postal code
Colombo,colombo north
Colombo,colombo 8 areas
Colombo,colombo harbour job vacancies 2021
Colombo,colombo 8 house for sale
Colombo,colombo kitchen
Colombo,colombo 14 zip code
Colombo,colombo 4 sri lanka
Colombo,colombo north teaching hospital
Colombo,colombo 6 postcode
Colombo,colombo 5 which place
Colombo,colombo 10 postal code
Colombo,colombo airport departures
Colombo,colombo 08
Colombo,colombo zahira college
Colombo,colombo plan
Colombo,colombo dockyard
Colombo,columbus coffee menu
Colombo,columbus cafe
Colombo,columbus movie
Colombo,colombo open university
Colombo,colombo to singapore flight
Colombo,colombo jackets
Colombo,columbo online
Colombo,colombo 6 house for sale
Colombo,colombo beautiful places
Colombo,colombo port
Colombo,colombo swimming club
Colombo,colombo vaccination schedule
Colombo,colombo jaffna bus
Colombo,colombo airport
Colombo,colombo 7 postal code
Colombo,colombo area
Colombo,colombo 13
Colombo,colombo de poulet
Colombo,colombo war
Colombo,colombo hospital
Colombo,colombo 4 postal code
Colombo,colombo lojas
Colombo,colombo 6
Colombo,colombo ymca
Colombo,colombo 7 which place
Colombo,colombo fc
Colombo,columbo method
Colombo,colombo 4
Colombo,colombo r premadasa stadium weather
Colombo,colombo 21
Colombo,colombo map
Colombo,colombo weather today hourly
Colombo,colombo 20
Colombo,colombo 9 name
Colombo,columbus crew fc
Colombo,colombo weather
Colombo,colombo airport arrivals
Colombo,colombo kitchen invercargill
Colombo,colombo covid 19
Colombo,colombo girls
Colombo,colombo viharamahadevi park
Colombo,colombo 4 apartments for sale
Colombo,colombo hotels
Colombo,colombo 7 restaurants
Colombo,colombo international school
Colombo,colombo furniture house
Colombo,colombo town song
Colombo,colombo 21 restaurant
Colombo,colombo job vacancies
Colombo,colombo kandy bus
Colombo,colombo 8 apartments
Colombo,colombo 8 divisional secretariat
Colombo,colombo to kandy
Colombo,colombo 21 menu
Colombo,colombo business journal
Colombo,colombo yogurt
Colombo,colombo jobs 2021
Colombo,colombo 3
Colombo,colombo bag price
Colombo,colombo 07
Colombo,colombo rps
Colombo,colombo 05
Colombo,colombo greater
Colombo,colombo y colombo
Colombo,colombo international school fees
Colombo,colombo 3 area name
Colombo,colombo yogurt commercial
Colombo,colombo bus stand contact number
Colombo,colombo qibla direction
Colombo,colombo yasodara vidyalaya
Colombo,colombo nightlife
Colombo,colombo 03 name
Colombo,colombo worten
Colombo,colombo online store
Colombo,colombo 8
Colombo,colombo 12
Colombo,colombo 5 name
Colombo,colombo azan time
Colombo,colombo lodge
Colombo,colombo to singapore
Colombo,colombo 9 schools
Colombo,colombo jathika rohala
Colombo,colombo currency
Colombo,colombo 9 postal code
Colombo,colombo hilton
Colombo,columbo youtube
Colombo,colombo district secretariat
Colombo,colombo 2
Colombo,colombo royal college
Colombo,colombo 3 postal code
Colombo,colombo visiting places
Colombo,colombo 9 house for sale
Colombo,colombo book shops
Colombo,colombo time to singapore time
Colombo,colombo one galle face
Colombo,colombo 9 map
Colombo,colombo 3 star hotels
Colombo,columbus coffee
Colombo,colombo 3 zip code
Colombo,colombo golf club
Colombo,colombo international airport
Colombo,colombo residence
Colombo,colombo 3 apartments
Colombo,colombo yacht
Colombo,colombo lotus tower
Colombo,colombo district map
Colombo,colombo lockdown
Colombo,colombo medical faculty
Colombo,colombo via della spiga
Colombo,colombo flag
Colombo,colombo 15
Colombo,colombo egg center
Colombo,colombo gold covering
Colombo,colombo lk
Colombo,colombo port city
Colombo,colombo vessel fire
Colombo,colombo 13 postal code
Colombo,colombo zonal education office
Colombo,colombo 5 house for sale
Colombo,colombo 6 name
Colombo,columbo quotes
Colombo,colombo 8 name
Colombo,colombo kiski rajdhani hai
Colombo,colombo depot contact number
Colombo,colombo fort
Colombo,colombo 5 land for sale
Colombo,colombo 5 star hotels
Colombo,colombo express
Colombo,colombo security conclave
Colombo,colombo railway station time table
Colombo,colombo kandy highway
Colombo,colombo 7
Colombo,colombo q10
Colombo,colombo population
Colombo,colombo city centre
Colombo,colombo gin
Colombo,colombo 7 hotels
Colombo,colombo general hospital contact number
Colombo,colombo online shopping
Colombo,colombo crime family
Colombo,colombo sri lanka
Colombo,colombo vaccination centres
Colombo,colombo zoo
Colombo,colombo 10
Colombo,colombo zone numbers
Colombo,columbus ohio
Colombo,colombo wallpaper
Colombo,colombo is the capital of
Colombo,colombo 5 areas
Colombo,colombo divisional secretariat
Colombo,colombo declaration
Colombo,colombo juparana granite
Colombo,colombo food
Colombo,colombo national museum
Colombo,colombo bakery
Colombo,colombo quarantine package
Colombo,colombo 6 in 1 quick test
Colombo,colombo 15 name
Colombo,colombo 907
Colombo,colombo 9
Colombo,colombo 21 castle hill
Colombo,colombo court singapore
Colombo,colombo law
Colombo,colombo 8 house for rent
Colombo,colombo port congestion
Colombo,colombo 09
Colombo,colombo opening hours
Colombo,colombo new name
Colombo,colombo jamaat.org/live
Colombo,colombo kings
Colombo,colombo 06
Colombo,colombo vishaka vidyalaya
Colombo,colombo design
Colombo,colombo covid
Colombo,colombo international school kandy
Colombo,colombo journal
Colombo,colombo news
Colombo,colombo v12
Colombo,columbus crew
Colombo,columbus coffee co
Colombo,columbus coffee reservation
Colombo,colombo india
Colombo,colombo 7 land for sale
Colombo,colombo university vacancies
Colombo,colombo qatar visa center
Colombo,colombo stock market
Colombo,columbo wiki
Colombo,colombo university lms
Colombo,colombo municipal council
Colombo,colombo old name
Colombo,colombo zone online exam
Colombo,colombo university mba
Colombo,colombo 3 name
Colombo,colombo 05 postal code
Colombo,colombo ymba
Colombo,colombo stock exchange
Colombo,colombo 6 postal code
Colombo,colombo page
Colombo,colombo on map
Colombo,colombo house unsw
Colombo,colombo 7 apartments
Colombo,colombo university world ranking
Colombo,columbus
Colombo,colombo court
Colombo,colombo eye care
Colombo,colombo 606 building
Colombo,colombo kitchin
Colombo,colombo quarantine hotel list
Colombo,colombo americano cali
Colombo,colombo harbour
Colombo,colombo jewellery stores
Colombo,colombo 800g co2 bottle
Colombo,colombo 04
Colombo,colombo 5 map
Colombo,colombo 6 house for rent
Colombo,colombo 9 zip code
Colombo,colombo zara
Colombo,colombo zones
Colombo,colombo 6 area
Colombo,colombo 8 sri lanka
Colombo,colombo 2021
Colombo,colombo museum
Colombo,colombo 7 name
Colombo,colombo 9 sri lanka
Colombo,colombo weather live
Colombo,colombo express vessel
Colombo,colombo railway station
Colombo,colombo numbers
Colombo,colombo 14
Colombo,colombo zip code
Colombo,colombo 4 star hotels
Colombo,colombo 5 postal code
Colombo,colombo nawaloka hospital
Colombo,colombo beach
Colombo,colombo film
Colombo,colombo mall
Colombo,colombo scholarship
Colombo,colombo exchange
Colombo,colombo scholarship singapore
Colombo,colombo institute of research and psychology
Colombo,colombo gin review
Colombo,colombo yojana
Colombo,colombo lisboa
Colombo,colombo 5
Colombo,colombo plan scholarship
Colombo,colombo time
Colombo,colombo family
Colombo,colombo quarantine rules
Colombo,colombo land registry
Colombo,colombo international hotel school
Colombo,colombo milan
Colombo,colombo university external degree
Colombo,colombo metro
Colombo,colombo 4 bambalapitiya
Colombo,colombo town song lyrics
Colombo,colombo hurd
Colombo,colombo japones
Colombo,colombo telegraph
Colombo,colombo 8 postal code
Colombo,colombo zip code sri lanka
Colombo,colombo 3 hotels
Colombo,colombo express perth
Colombo,colombo 9 rent house
Colombo,colombo co2 reactor
Colombo,colombo night clubs
Colombo,colombo hospital contact number
Colombo,colombo americano medellin
Colombo,colombo 7 gin
Colombo,colombo kotuwa
Colombo,colombo kitchen & bar
Colombo,colombo zip
Colombo,colombo bag
Colombo,colombo general hospital
Colombo,colombo online bazar
Colombo,colombo railway station contact number
Colombo,colombo university diploma courses 2021
Colombo,colombo bunker prices
Colombo,colombo airport code
Colombo,colombo kandy
Colombo,colombo 6 apartments for sale
Colombo,colombo university library
Colombo,colombo 02
Colombo,colombo ecclesall road
Colombo,colombo 3 area
Colombo,colombo 03
Colombo,colombo fort railway station
Colombo,colombo 4d
Colombo,colombo americano
Colombo,colombo university aptitude test 2021
Colombo,colombo rooms
Colombo,colombo song
Colombo,colombo bus stand
Colombo,colombo 4 area
Colombo,colombo sri lanka postal code
Colombo,colombo district
Colombo,colombo vacancies
Colombo,colombo family tree
Colombo,colombo east base hospital
Colombo,colombo university
Colombo,colombo country
Colombo,colombo 16
Colombo,colombo which country
Colombo,colombo gazette
Colombo,colombo gin singapore
Colombo,colombo 7 house for sale
Colombo,colombo villa
Colombo,colombo quality coir products
Colombo,colombo winery
Colombo,columbo one more thing
Colombo,colombo martinborough
Colombo,colombo restaurant
Colombo,colombo wikipedia
Colombo,colombo plan scholarship singapore
Colombo,colombo apartments
Colombo,colombo is in which country
Colombo,colombo mail
Colombo,colombo town
Colombo,colombo eye hospital contact number
Colombo,colombo foodies
Colombo,colombo university courses
Colombo,colombo restaurant singapore
Colombo,columbo detective
Colombo,colombo 3 means
Colombo,colombo 4 divisional secretariat
Colombo,colombo quality camp
Colombo,colombo 5 means
Colombo,colombo y magliano
